postid,unitid,name,state,rank,url0,url1,url2
8413,186131,Princeton University,NJ,1,https://ir.princeton.edu/other-university-data/common-data-set,https://registrar.princeton.edu/document/421,https://registrar.princeton.edu/document/371
8484,166683,Massachusetts Institute of Technology,MA,2,https://ir.mit.edu/common-data-set-archive,https://ir.mit.edu/cds-2023,https://mitadmissions.org/apply/process/stats/
8425,166027,Harvard University,MA,3,https://oira.harvard.edu/common-data-set/,https://bpb-us-e1.wpmucdn.com/sites.harvard.edu/dist/6/210/files/2023/06/harvard_cds_2022-2023.pdf,https://admitreport.com/blog/harvard-common-data-set
8439,243744,Stanford University,CA,3,https://ucomm.stanford.edu/cds/,https://ucomm.stanford.edu/wp-content/uploads/sites/15/2023/03/CDS_2022-2023_v3.pdf,https://ucomm.stanford.edu/wp-content/uploads/sites/15/2023/03/CDS_2021_2022_v5.pdf
8672,130794,Yale University,CT,5,https://oir.yale.edu/common-data-set,https://oir.yale.edu/sites/default/files/cds_yale_2022-2023_vf_10062023.pdf,https://oir.yale.edu/sites/default/files/cds_yale_2023-24_vf_20240320.pdf
8546,215062,University of Pennsylvania,PA,6,https://ira.upenn.edu/penn-numbers/common-data-set,https://ira.upenn.edu/penn-numbers,https://www.ivycoach.com/wp-content/uploads/imported-files/UPenn-Common-Data-Set-2021-22-Rev-07.2022.pdf
9160,110404,California Institute of Technology,CA,7,https://iro.caltech.edu/documents/25199/Caltech_Common_Data_Set_2022-23_Published_June_2023_v1.pdf,https://finance.caltech.edu/Resources/cds,https://commondatasets.com/Caltech.html
8501,198419,Duke University,NC,7,https://provost-files.cloud.duke.edu/sites/default/files/CDS%202021-22%20FINAL_2.pdf,https://provost.duke.edu/administrative-resources/institutional-research/,https://www.reddit.com/r/duke/comments/14m50pt/lack_of_recent_2023_common_dataset/
9427,217156,Brown University,RI,9,https://oir.brown.edu/institutional-data/common-data-set,https://oir.brown.edu/sites/default/files/2020-04/CDS_2022_2023.pdf,https://oir.brown.edu/sites/default/files/2020-04/CDS_2023_2024.pdf
9154,162928,Johns Hopkins University,MD,9,https://oira.jhu.edu/jhu-common-data-set-2022-23/,https://oira.jhu.edu/wp-content/uploads/CDS_2022-2023.pdf,https://oira.jhu.edu/
9162,147767,Northwestern University,IL,9,https://www.enrollment.northwestern.edu/data/common-data-set.html,https://www.enrollment.northwestern.edu/data/2022-23.pdf,https://enrollment.northwestern.edu/data/2021-22.pdf
9310,190150,Columbia University in the City of New York,NY,12,https://opir.columbia.edu/cds,https://opir.columbia.edu/sites/default/files/content/Common%20Data%20Set/CDS%20College%20Engineering%202022-2023.pdf,https://opir.columbia.edu/understanding-columbias-common-data-set
9165,190415,Cornell University,NY,12,https://irp.dpb.cornell.edu/common-data-set,https://irp.dpb.cornell.edu/wp-content/uploads/2023/03/CDS_2022-2023_Cornell-University-v5.pdf,https://www.cornellcollege.edu/institutional-research/institutional-profile/common-data-sets.shtml
8470,144050,University of Chicago,IL,12,https://data.uchicago.edu/common-data-set/,https://bpb-us-w2.wpmucdn.com/voices.uchicago.edu/dist/8/2077/files/2022/10/UChicago_CDS_2021-22.pdf,https://talk.collegeconfidential.com/t/uchicago-publishes-common-data-set-for-the-first-time/3637387
8693,110635,University of California-Berkeley,CA,15,https://opa.berkeley.edu/campus-data/common-data-set,https://commondatasets.com/Berkeley.html,https://admitreport.com/blog/uc-berkeley-common-data-set
9228,110662,University of California-Los Angeles,CA,15,https://apb.ucla.edu/campus-statistics/common-data-set,https://apb.ucla.edu/file/4cd43176-f884-4a34-bf9c-87ce76b91d0d,https://admitreport.com/blog/ucla-common-data-set
8556,227757,Rice University,TX,17,https://oie.rice.edu/common-data-set,https://www.washingtonpost.com/documents/b0ae4d74-b17f-4639-a0f0-fd5a20cdf9c8.pdf?itid=lk_inline_manual_11,https://admitreport.com/blog/rice-common-data-set
10079,182670,Dartmouth College,NH,18,https://www.dartmouth.edu/oir/data-reporting/cds/index.html,https://www.dartmouth.edu/oir/pdfs/cds_2022-2023.pdf,https://www.dartmouth.edu/oir/pdfs/cds_2021-2022.pdf
10080,221999,Vanderbilt University,TN,18,https://www.vanderbilt.edu/dsa/common-data-set/,https://admitreport.com/blog/vanderbilt-common-data-set,
8562,152080,University of Notre Dame,IN,20,https://iris.nd.edu/institutional-research/common-data-set-cds/,https://www3.nd.edu/~instres/CDS/2022-2023/CDS_2022-2023.pdf,https://iris.nd.edu/institutional-research/common-data-set-cds/common-data-set/
9226,170976,University of Michigan-Ann Arbor,MI,21,https://obp.umich.edu/campus-statistics/common-data-set/,https://obp.umich.edu/wp-content/uploads/pubdata/cds/cds_2022-2023_umaa.pdf,https://obp.umich.edu/wp-content/uploads/pubdata/cds/cds_2021-2022_umaa.pdf
8684,131496,Georgetown University,DC,22,https://oads.georgetown.edu/commondataset/,https://oads.georgetown.edu/data-reports/,https://commondatasets.com/Georgetown.html
10081,199120,University of North Carolina at Chapel Hill,NC,22,https://oira.unc.edu/reports/reports-archives/common-data-set/,https://oira.unc.edu/wp-content/uploads/sites/297/2024/02/CDS_2022-23_20240206.pdf,https://oira.unc.edu/wp-content/uploads/sites/297/2023/08/CDS_2021-22_20230825.pdf
8868,211440,Carnegie Mellon University,PA,24,https://www.cmu.edu/ira/CDS/index.html,https://www.cmu.edu/ira/university-information/index.html,https://www.coloradomesa.edu/institutional-research/reports.html
9428,139658,Emory University,GA,24,https://provost.emory.edu/planning-administration/data/common-data-set.html,https://provost.emory.edu/planning-administration/_includes/documents/sections/institutional-data/Emory-Common-Data-Set-2021-2022.pdf,https://provost.emory.edu/planning-administration/_includes/documents/sections/institutional-data/Emory-Common-Data-Set-2023-2024.pdf
9429,234076,University of Virginia-Main Campus,VA,24,https://ira.virginia.edu/data-analytics/cds/2022-2023,https://ira.virginia.edu/common-data-set,https://ira.virginia.edu/data-analytics/cds/2021-2022
8592,179867,Washington University in St Louis,MO,24,https://wustl.edu/wp-content/uploads/2023/07/wustl-cds-2022-2023.pdf,https://wustl.edu/wp-content/uploads/2021/06/wustl-cds-2020-2021.pdf,https://wustl.edu/about/compliance-policies/registrar/student-consumer-information/
9319,110644,University of California-Davis,CA,28,https://aggiedata.ucdavis.edu/common-data-set,https://aggiedata.ucdavis.edu/sites/g/files/dgvnsk1841/files/media/documents/CDS_2020-2021_Davis.pdf,https://www.collegeessayguy.com/blog/uc-davis-acceptance-rate
9320,110680,University of California-San Diego,CA,28,https://ir.ucsd.edu/stats/undergrad/CDS_UCSD_2023_2024.pdf,https://ir.ucsd.edu/stats/undergrad/UCSD-CDS_2022-20232.pdf,https://ir.ucsd.edu/stats/undergrad/common-data-set.html
9687,134130,University of Florida,FL,28,https://data-apps.ir.aa.ufl.edu/public/cds/CDS_2022-2023_UFMAIN_Post.pdf,https://ir.aa.ufl.edu/reports/cds-reports/,https://data-apps.ir.aa.ufl.edu/public/cds/cds2020-2021Main.pdf
8861,123961,University of Southern California,CA,28,https://oir.usc.edu/statistics-data-visualization/common-data-set/,https://www.usc.edu/we-are-usc/the-university/facts-and-stats/,https://sc.edu/about/offices_and_divisions/institutional_research_assessment_and_analytics/institutional_effectiveness/common_data_set/index.php
10359,228778,The University of Texas at Austin,TX,32,https://reports.utexas.edu/common-data-set,https://reports.utexas.edu/common-data-set,https://reports.utexas.edu/content/common-data-set-peer-comparison
9391,139755,Georgia Institute of Technology-Main Campus,GA,33,https://irp.gatech.edu/common-data-set,https://irp.gatech.edu/files/CDS/CDS_2022.pdf,https://admitreport.com/blog/georgia-tech-common-data-set
9317,110653,University of California-Irvine,CA,33,https://irap.uci.edu/institutional-research/data-hub/common-data-set/,https://irap.uci.edu/institutional-research/data-hub/,https://www.collegeessayguy.com/blog/uc-irvine-acceptance-rate
9777,193900,New York University,NY,35,https://www.nyu.edu/content/dam/nyu/institutionalResearch/documents/cds-on-website/CDS_2022-2023_FINAL.pdf,https://www.nyu.edu/employees/resources-and-services/administrative-services/institutional-research/factbook.html,
9392,110705,University of California-Santa Barbara,CA,35,https://bap.ucsb.edu/institutional-research,https://commondatasets.com/UCSB.html,https://admission.universityofcalifornia.edu/campuses-majors/santa-barbara/freshman-admit-data.html
9431,145637,University of Illinois at Urbana-Champaign,IL,35,https://www.dmi.illinois.edu/stuenr/,https://www.dmi.illinois.edu/stuenr/,
9685,240444,University of Wisconsin-Madison,WI,35,https://data.wisc.edu/common-data-set-and-rankings/,https://search.data.wisc.edu/specifications/28653,https://apc.cals.wisc.edu/data/
10313,164924,Boston College,MA,39,https://www.bc.edu/bc-web/sites/common-data-set.html,https://www.bc.edu/bc-web/offices/institutional-research-planning/institutional-research.html,https://www.bu.edu/asir/bu-facts/common-data-set/
10449,186380,Rutgers University-New Brunswick,NJ,40,https://oirap.rutgers.edu/ReportingCommonDataSet.html,https://oirap.rutgers.edu/CDS/2022/New%20Brunswick%20CDS_2022-2023__Final.pdf,https://admitreport.com/blog/rutgers-common-data-set
9227,168148,Tufts University,MA,40,https://provost.tufts.edu/institutionalresearch/about-tufts/common-data-set/,https://provost.tufts.edu/institutionalresearch/wp-content/uploads/sites/5/CDS_2022-2023.pdf,https://provost.tufts.edu/institutionalresearch/files/CDS-2021-2022.pdf
9779,236948,University of Washington-Seattle Campus,WA,40,https://www.washington.edu/opb/uw-data/external-reporting/common-data-set/,https://www.washington.edu/opb/uw-data/external-reporting/common-data-set/cds_2021-2022_seattle/,https://www.washington.edu/opb/uw-data/external-reporting/common-data-set/cds_2020-2021_seattle-3/
9683,164988,Boston University,MA,43,https://www.bu.edu/asir/bu-facts/common-data-set/,https://www.bu.edu/asir/files/2023/03/cds-2023.pdf,https://www.bu.edu/asir/files/2024/04/cds-2024.pdf
9778,204796,Ohio State University-Main Campus,OH,43,https://oaa.osu.edu/sites/default/files/uploads/irp/cds/columbus/CDS_2021-2022_Columbus.pdf,https://irp.osu.edu/institutional-data-and-reports,https://irp.osu.edu/home
10360,243780,Purdue University-Main Campus,IN,43,https://www.purdue.edu/idata/documents/CDS/CDS_2022-2023.pdf,https://www.purdue.edu/idata/products-services/common-data-set.php,https://www.purdue.edu/idata/documents/CDS/CDS_2023_2024.pdf
9935,163286,University of Maryland-College Park,MD,46,https://irpa.umd.edu/InstitutionalData/cds.html,https://irads.umbc.edu/university-data/common-data-set-cds/,https://www.irpa.umd.edu/InstitutionalData/CommonDataSet/CDS_2022-2023.xlsx
9318,213543,Lehigh University,PA,47,https://data.lehigh.edu/common-data-set,https://data.lehigh.edu/sites/oirsa.lehigh.edu/files/CDS_2022-2023.pdf,https://data.lehigh.edu/sites/oirsa.lehigh.edu/files/CDS_2021-2022.pdf
10013,228723,Texas A & M University-College Station,TX,47,https://abpa.tamu.edu/getattachment/ecf37248-03d2-4ec3-b246-dc0e6cde9bb4/CDS_2022-2023a.pdf,https://abpa.tamu.edu/reports-catalog/student,https://www.tamuct.edu/Institutional%20Research%20and%20Assessment/common-data-set.html
9780,139959,University of Georgia,GA,47,https://oir.uga.edu/external_reports/cds/,https://oir.uga.edu/_resources/files/cds/UGA_CDS_2023-2024.pdf,https://oir.uga.edu/_resources/files/cds/UGA_CDS_2022-2023.pdf
10147,195030,University of Rochester,NY,47,https://www.rochester.edu/provost/university-data/about-institutional-research/university-of-rochester-common-data-set/,https://www.rochester.edu/provost/wp-content/uploads/2023/05/University-of-Rochester-CDS_2022-2023.pdf,https://www.rochester.edu/provost/wp-content/uploads/2022/09/2021-22-Full-Common-Data-Set.pdf
10253,233921,Virginia Polytechnic Institute and State University,VA,47,https://aie.vt.edu/content/dam/aie_vt_edu/common-data-set/23-24/CDS_2023-2024.pdf,https://aie.vt.edu/content/dam/aie_vt_edu/common-data-set/22-23/CDS_2022-2023.xlsx,https://ira.virginia.edu/common-data-set
9430,199847,Wake Forest University,NC,47,https://ir.wfu.edu/common-data-set/,https://prod.wp.cdn.aws.wfu.edu/sites/202/2023/04/CDS_2022-2023.pdf,https://prod.wp.cdn.aws.wfu.edu/sites/202/2023/01/CDS_2020-2021-3.pdf
10149,201645,Case Western Reserve University,OH,53,https://case.edu/ir/common-data-set-0,https://case.edu/ir/sites/default/files/2023-02/CDS_CWRU%20%2822-23%29_0.pdf,https://case.edu/ir/sites/default/files/2021-02/CDS_2020-2021_0.pdf
10190,134097,Florida State University,FL,53,https://ir.fsu.edu/commondataset.aspx,https://ir.fsu.edu/surveys.aspx,https://ir.fsu.edu/
9393,167358,Northeastern University,MA,53,https://uds.northeastern.edu/facts/common-data-set/,https://uds.northeastern.edu/cds/,https://uds.northeastern.edu/cds/2022-2023-t/
10452,174066,University of Minnesota-Twin Cities,MN,53,https://idr.umn.edu/sites/idr.umn.edu/files/cds_2022_2023_tc.pdf,https://idr.umn.edu/institutional-metrics-compliance-reporting/twin-cities-campus-factbook,https://idr.umn.edu/sites/idr.umn.edu/files/cds_2021_2022_tc.pdf
10146,231624,College of William and Mary,VA,53,https://www.wm.edu/offices/it/services/ir/university_data/cds/,https://www.wm.edu/offices/it/services/ir/university_data/,https://www.wm.edu/about/administration/provost/action-areas/data-analytics/
10192,196097,Stony Brook University,NY,58,https://www.stonybrook.edu/commcms/irpe/fact_book/common_data_set/,https://www.stonybrook.edu/commcms/irpe/fact_book/data_and_reports/index.php,https://www.stonybrook.edu/commcms/irpe/fact_book/data_and_reports/admissions
9934,129020,University of Connecticut,CT,58,https://bpir.uconn.edu/home/institutional-research/data-resources/common-data-set/,https://bpir.uconn.edu/wp-content/uploads/sites/3452/2023/07/CDS_2022_2023_Website.pdf,https://bpir.uconn.edu/wp-content/uploads/sites/3452/2022/09/CDS_2021-2022_UConn_Website.pdf
10148,165015,Brandeis University,MA,60,https://www.brandeis.edu/institutional-research/common-data-set/index.html,https://www.brandeis.edu/institutional-research/docs/cds-2022-23.pdf,https://www.brandeis.edu/institutional-research/docs/cds-2021-22.pdf
10258,171100,Michigan State University,MI,60,https://ir.msu.edu/cds,https://ir.msu.edu/cds,
10191,199193,North Carolina State University at Raleigh,NC,60,https://isa.ncsu.edu/common-data-set-for-2022-23/,https://isa.ncsu.edu/facts-comparisons/fast-facts/common-data-set/,https://report.isa.ncsu.edu/ir/cds/pdfs/CDS_2022-23.v2.pdf
9686,495767,The Pennsylvania State University,PA,60,https://opair.psu.edu/institutional-research/projects/cds/,https://bpb-us-e1.wpmucdn.com/sites.psu.edu/dist/d/114442/files/2023/04/CDS_2022-2023_University-Park_Final.pdf,https://opair.psu.edu/project/common-data-set/
10145,194824,Rensselaer Polytechnic Institute,NY,60,https://provost.rpi.edu/institutional-research-and-assessment,https://renewrensselaer.org/archive/,https://www.collegetransitions.com/dataverse/common-data-set-repository
57494,122931,Santa Clara University,CA,60,https://www.scu.edu/institutional-research/data/common-data-set-cds/,https://www.scu.edu/institutional-research/data/common-data-set-cds/,
11875,445188,University of California-Merced,CA,60,https://cie.ucmerced.edu/analytics-hub/external-reporting,https://cie.ucmerced.edu/sites/cie.ucmerced.edu/files/page/documents/cds_2021-2022_ucm_c.pdf,https://ir.ucr.edu/sites/default/files/2021-03/CDS_2020-2021.pdf
10357,131469,George Washington University,DC,67,https://irp.gwu.edu/common-data-set,https://irp.gwu.edu/sites/g/files/zaxdzs6056/files/CDS_2021-2022.pdf,https://irp.gwu.edu/sites/g/files/zaxdzs6056/files/2023-09/cds_2022-2023_0.pdf
10361,196413,Syracuse University,NY,67,https://institutionalresearch.syr.edu/key-data/,https://www.reddit.com/r/SyracuseU/comments/129az84/syracuse_common_data_set/,https://www.collegedata.com/college-search/Syracuse-University
10014,166629,University of Massachusetts-Amherst,MA,67,https://www.umass.edu/uair/data/common-data-set,https://www.umass.edu/oir/sites/default/files/publications/cds/common_data_set.pdf,https://www.amherst.edu/about/facts/common_data_sets
10314,135726,University of Miami,FL,67,https://irsa.miami.edu/facts-and-information/common-data-set/index.html,https://www.irsa.miami.edu/cds2324.pdf,https://www.irsa.miami.edu/_assets/pdf/cds2223.pdf
10918,215293,University of Pittsburgh-Pittsburgh Campus,PA,67,https://www.ir.pitt.edu/university-information/common-data-set,https://www.ir.pitt.edu/sites/default/files/assets/CDS_2021-2022_Pittsburgh%20Campus_0.pdf,https://www.ir.pitt.edu/sites/default/files/assets/CDS_2022-2023%20Pittsburgh.pdf
10356,216597,Villanova University,PA,67,https://www1.villanova.edu/villanova/enroll/statreports.html,http://www1.villanova.edu/dam/villanova/provost/decision_support/CDS_2022-2023_v1.pdf,https://www1.villanova.edu/university/provost/odsdi/university-statistics.html
9197,196079,Binghamton University,NY,73,https://www.binghamton.edu/offices/oir/institutional-data/common-data-set.html,https://www.binghamton.edu/offices/oir/upload_data/cds20222023.pdf,https://www.binghamton.edu/offices/oir/upload_data/cds_2021_2022.pdf
10188,151351,Indiana University-Bloomington,IN,73,https://iuia.iu.edu/apps/cds/,https://iuia.iu.edu/apps/cds/pdf.html,https://usss.iu.edu/common-data-set/index.html
9684,160755,Tulane University of Louisiana,LA,73,https://oair.tulane.edu/common-data-set,https://admitreport.com/blog/tulane-common-data-set,https://oair.tulane.edu/data-profiles
10257,126775,Colorado School of Mines,CO,76,https://ir.mines.edu/common-data-set/,https://spl.cde.state.co.us/artemis/ucsmserials/ucsm2612internet/,http://inside.mines.edu/UserFiles/File/president/IR/CommonDataSet/CDS16.pdf
10355,121150,Pepperdine University,CA,76,https://www.pepperdine.edu/oie/institutional-research/common-data-set.htm,https://www.pepperdine.edu/oie/content/pdf/cds2022-23.pdf,https://www.pepperdine.edu/oie/content/pdf/cds2021-22.pdf
10451,186867,Stevens Institute of Technology,NJ,76,https://assets.stevens.edu/mviowpldu823/SYVRZ7OfZYOUm5hNrz7Qz/720500f10bed5fcd5fb905c3aa2143d1/CDS_2023-2024__Stevens_Institute_of_Technology.pdf,https://assets.stevens.edu/mviowpldu823/1jsTFODbulfVYcLELMHcxD/c75caf16b3c29fb016c6d867679b661b/CDS_2022-2023_Completed.pdf,https://www.stevens.edu/office-of-institutional-research-and-effectiveness/facts-and-figures
10790,196088,University at Buffalo,NY,76,https://www.buffalo.edu/oia/facts-publications/common-data-sets.html,https://www.buffalo.edu/content/dam/www/provost/files/oia/Common-Data-Sets/CDS_2023-2024.pdf,https://www.buffalo.edu/content/dam/www/provost/files/oia/Common-Data-Sets/CDS2020-2021.pdf
10923,110671,University of California-Riverside,CA,76,https://ir.ucr.edu/cds,https://ir.ucr.edu/sites/default/files/2023-03/cds-2022-2023.pdf,https://www.ucop.edu/institutional-research-academic-planning/content-analysis/campus-profiles/index.html
10256,130943,University of Delaware,DE,76,https://ire.udel.edu/common-data-set/,https://bpb-us-w2.wpmucdn.com/sites.udel.edu/dist/e/2019/files/2022/06/CDS2122_UDelaware-062922.pdf,https://ire.udel.edu/ir/enroll-dept/
11419,186399,Rutgers University-Newark,NJ,82,https://oirap.rutgers.edu/ReportingCommonDataSet.html,https://oirap.rutgers.edu/CDS/2021/Newark%20CDS_2021-2022_Final%20V1.pdf,https://oirap.rutgers.edu/CDS/2022/New%20Brunswick%20CDS_2022-2023__Final.pdf
10255,110714,University of California-Santa Cruz,CA,82,https://iraps.ucsc.edu/about/common-data-set.html,https://www.ucop.edu/institutional-research-academic-planning/content-analysis/campus-profiles/index.html,https://www.collegekickstart.com/blog/tag/UC%20Santa%20Cruz
11876,145600,University of Illinois at Chicago,IL,82,https://oir.uic.edu/common-data-set-3/,https://oir.uic.edu/wp-content/uploads/sites/213/2021/04/UIC-CDS_2019-2020forWeb.pdf,https://bpb-us-w2.wpmucdn.com/voices.uchicago.edu/dist/8/2077/files/2022/10/UChicago_CDS_2021-22.pdf
9936,168421,Worcester Polytechnic Institute,MA,82,https://www.wpi.edu/sites/default/files/2023-02/WPI_CDS_2022-2023_2-27-23.pdf,https://www.wpi.edu/sites/default/files/2024-03/WPI_CDS_2023-2024_3-28-24.pdf,https://www.wpi.edu/offices/strategic-initiatives-university-analytics/data-resources
10446,217882,Clemson University,SC,86,https://www.clemson.edu/institutional-effectiveness/oir/data-reports/,https://www.clemson.edu/institutional-effectiveness/documents/2020/CDSClemsonUniversityallcompleted20200310.pdf,https://www.collegeessayguy.com/blog/clemson-acceptance-rate
9196,239105,Marquette University,WI,86,https://www.marquette.edu/institutional-research-analysis/common-data-set.php,https://www.marquette.edu/institutional-research-analysis/documents/cds21-22.pdf,https://www.marquette.edu/institutional-research-analysis/documents/cds_2223_new.pdf
11418,185828,New Jersey Institute of Technology,NJ,86,https://www.njit.edu/oie/external-surveys,https://www.njit.edu/oie/sites/njit.edu.oie/files/CDS_2022-2023_20230731.xlsx,https://ira.tcnj.edu/wp-content/uploads/sites/322/2021/06/CDS_2020-2021.pdf
9781,191241,Fordham University,NY,89,https://www.fordham.edu/about/leadership-and-administration/administrative-offices/office-of-the-provost/provost-office-units/institutional-research-and-assessment/consumer-information/common-data-set/,https://www.collegevine.com/faq/27900/fordham-s-common-data-set-what-to-know,https://talk.collegeconfidential.com/t/does-anyone-have-a-recent-cds-to-share/3624806
10358,228246,Southern Methodist University,TX,89,https://www.smu.edu/provost/university-decision-support/statistics/commondatasets/2023,https://www.smu.edu/provost/university-decision-support/statistics,https://www.collegedata.com/college-search/Southern-Methodist-University
10922,216339,Temple University,PA,89,https://ira.temple.edu/sites/ira/files/CDS_2022-2023.pdf,https://ira.temple.edu/sites/ira/files/documents/data-analysis/common-data/CDS-2021-2022_0.pdf,https://ira.temple.edu/facts-and-figures/compliance-reports
11851,137351,University of South Florida-Main Campus,FL,89,https://www.usf.edu/ods/data-tools/cds.aspx,https://www.usf.edu/ods/documents/cds/cds-2022-2023-usf-preliminaryforwebsite-2022-12-14.pdf,https://www.usf.edu/ods/documents/cds/cds-2021-2022-usf.pdf
10193,100858,Auburn University,AL,93,https://auburn.edu/administration/ir/common-data-set/,https://ir.auburn.edu/,
10450,223232,Baylor University,TX,93,https://ir.web.baylor.edu/institutional-reports/common-data-set,https://ir.web.baylor.edu/sites/g/files/ecbvkj1621/files/2023-08/CDS_2022-2023%20-%20updated%20Fin%20Aid%20062923.pdf,https://ir.web.baylor.edu/
57557,235316,Gonzaga University,WA,93,https://www.gonzaga.edu/academics/academic-resources/registrars-office/office-of-institutional-research/reports,https://www.gonzaga.edu/-/media/Website/Documents/About/Offices-and-Services/Institutional-Research/Gonzaga-University-CDS_2021-2022.ashx,https://www.gonzaga.edu/-/media/Website/Documents/About/Offices-and-Services/Institutional-Research/Gonzaga-University-CDS-2020-2021-Final.ashx?la=en&hash=D477F392FEBB7816C8BBC58A885D1884C376E74F
57529,117946,Loyola Marymount University,CA,93,https://academics.lmu.edu/officeofinstitutionalresearch/officialstatisticsandotherreporting/commondatasetcds/,https://academics.lmu.edu/media/lmuacademics/strategicplanningacademiceffectiveness/officeofinstitutionalresearch/documents/CDS_2022-2023_060623.pdf,https://academics.lmu.edu/media/lmuacademics/strategicplanningacademiceffectiveness/officeofinstitutionalresearch/documents/CDS_2021-2022_06242022.pdf
10259,153658,University of Iowa,IA,93,https://provost.uiowa.edu/data-and-reports/common-data-set,https://provost.uiowa.edu/sites/provost.uiowa.edu/files/2021-01/cds_1920.pdf,https://provost.uiowa.edu/data-and-reports
8953,212054,Drexel University,PA,98,https://drexel.edu/institutionalresearch/university-data/common_data,https://drexel.edu/~/media/Files/institutionalresearch/Factbook/CDS_2022-2023.ashx?la=en,https://drexel.edu/~/media/Files/institutionalresearch/Factbook/CDS_2021-2022.ashx?la=en
10791,145725,Illinois Institute of Technology,IL,98,https://www.iit.edu/sites/default/files/2023-07/Full-2022-2023-Common-Data-Set.pdf,https://www.iit.edu/sites/default/files/2022-05/cds_2020-2021_complete.pdf,https://oir.uic.edu/common-data-set-3/
11116,195003,Rochester Institute of Technology,NY,98,https://www.rit.edu/institutionalresearch/common-data-set,https://www.rit.edu/institutionalresearch/sites/rit.edu.institutionalresearch/files/documents/Common%20Data%20Set%20PDFs/RIT%20CDS%202022-2023%20FINAL%2020230425.pdf,https://www.rochester.edu/provost/wp-content/uploads/2022/09/2021-22-Full-Common-Data-Set.pdf
57654,186371,Rutgers University--Camden,NJ,98,https://oirap.rutgers.edu/ReportingCommonDataSet.html,https://oirap.rutgers.edu/CDS/2021/Camden%20CDS_2021-2022_Final%20V1.pdf,https://oirap.rutgers.edu/CDS/2022/New%20Brunswick%20CDS_2022-2023__Final.pdf
10443,228875,Texas Christian University,TX,98,https://ir.tcu.edu/common-data-set/,https://ir.tcu.edu/wp-content/uploads/2023/07/CDS_2022-23.pdf,https://ir.tcu.edu/wp-content/uploads/2024/02/CDS_2023_2024-final.pdf
10793,209551,University of Oregon,OR,98,https://ir.uoregon.edu/cds,https://ir.uoregon.edu/sites/ir1.uoregon.edu/files/CDS_2022-2023.pdf,https://ir.uoregon.edu/sites/ir1.uoregon.edu/files/CDS_2020-2021.pdf
9195,122436,University of San Diego,CA,98,https://www.sandiego.edu/facts/documents/cds/CDS_2022-23.pdf,https://www.sandiego.edu/facts/documents/cds/cds_2023-24.pdf,https://ir.ucsd.edu/stats/undergrad/CDS_UCSD_2023_2024.pdf
10011,131159,American University,DC,105,https://www.american.edu/provost/oira/common-data-set.cfm,https://www.american.edu/provost/oira/upload/cds_2022-2023_american-university-3.pdf,https://www.american.edu/provost/oira/upload/cds_2021-2022_american-university.pdf
11687,104151,Arizona State University-Tempe,AZ,105,https://uoia.asu.edu/common-data-set,https://uoia.asu.edu/sites/default/files/2023-04/CDS-2022-23-Campus-Immersion.pdf,https://uoia.asu.edu/sites/default/files/2023-02/cds_2021-2022_campus_immersion.pdf
96692,110583,California State University--Long Beach,CA,105,https://www.csulb.edu/institutional-research-analytics/common-data-set,https://www.csulb.edu/sites/default/files/2023/documents/CDS_2022-2023.pdf,
59086,190567,CUNY--City College,NY,105,https://www.ccny.cuny.edu/institutionalresearch/cds,https://www.ccny.cuny.edu/institutionalresearch/cds,https://www.ccny.cuny.edu/sites/default/files/2021-03/CDS_2020-2021.pdf
11831,232186,George Mason University,VA,105,https://oiep.gmu.edu/resources/common-data-set/,https://oiep2.gmu.edu/cds/sec_action.cfm?year=2022-23&sec_id=A,https://oiep2.gmu.edu/cds/sec_action.cfm?year=2022-23&sec_id=C
8962,179159,Saint Louis University,MO,105,https://www.slu.edu/provost/office-of-institutional-research/institutional-data/2122cds.php,https://www.slu.edu/provost/office-of-institutional-research/institutional-data/2021cds.php,https://www.slu.edu/provost/office-of-institutional-research/institutional-data/index.php
11836,122409,San Diego State University,CA,105,https://asir.sdsu.edu/common-data-set/,https://asir.sdsu.edu/Documents/CommonDataSets/CDS_2022-23_rev_1.pdf,https://asir.sdsu.edu/Documents/CommonDataSets/CDS_2021-2022.pdf
8923,126614,University of Colorado Boulder,CO,105,https://www.colorado.edu/oda/department-institution-data/common-data-set-cds,https://www.colorado.edu/oda/2022-2023-cds-report,https://www.colorado.edu/oda/department-institution-data
10794,221759,The University of Tennessee-Knoxville,TN,105,https://irsa.utk.edu/reporting/common-data-set/,https://irsa.utk.edu/wp-content/uploads/sites/107/2023/07/CDS_2022-2023_Full.pdf,http://irsa.utk.edu/wp-content/uploads/sites/107/2021/05/CDS_2020_2021-Full-1.pdf
10447,197708,Yeshiva University,NY,105,https://www.yu.edu/sites/default/files/inline-files/CDS_2020-2021%20working%20revised%20%282%29.pdf,https://www.yu.edu/oir,https://www.yu.edu/sites/default/files/inline-files/CDS_2021-2022%20working%20%20updated.xlsx
10448,230038,Brigham Young University-Provo,UT,115,https://data.byu.edu/common-data-set,https://data.byu.edu/00000187-0641-d156-a38f-07cfd9dc0001/cds-2022-2023-pdf,https://data.byu.edu/00000179-38c1-d583-a9fd-38edd5550000/cds-2020-2021-pdf
11299,131520,Howard University,DC,115,https://ira.howard.edu/sites/ira.howard.edu/files/2023-09/CDS_2022-2023.pdf,https://ira.howard.edu/sites/ira.howard.edu/files/2022-05/CDS%202021-2022.pdf,https://ira.howard.edu/institutional-research/institutional-data
11120,153603,Iowa State University,IA,115,https://www.ir.iastate.edu/common-data-set,https://www.ir.iastate.edu/sites/default/files/PDF's/CDS_2020-2021.pdf,https://www.ir.iastate.edu/sites/default/files/PDF's/CDS_2022-2023.pdf
10789,196103,SUNY College of Environmental Science and Forestry,NY,115,https://www.esf.edu/institutional-research/institutional-data.php,https://www.esf.edu/institutional-research/documents/ESFCDS-2018-19.pdf,https://www.collegetransitions.com/dataverse/common-data-set-repository
11300,104179,University of Arizona,AZ,115,https://uair.arizona.edu/CommonDataSet,https://uair.arizona.edu/sites/default/files/2023-03/CDS_2022-2023%20FINAL%20022223.pdf,https://uair.arizona.edu/sites/default/files/2022-05/CDS_2021-2022_FINAL_05202022.pdf
11117,183044,University of New Hampshire-Main Campus,NH,115,https://www.unh.edu/institutional-research/data-reports/common-data-set,https://www.unh.edu/institutional-research/sites/default/files/media/2023-04/cds_2022-2023.pdf,https://www.unh.edu/institutional-research/sites/default/files/media/2024-03/cds_2023_2024.pdf
11118,122612,University of San Francisco,CA,115,https://myusf.usfca.edu/cipe/cds,https://myusf.usfca.edu/sites/default/files/users/ncain/CDS%202022-2023_.pdf,https://myusf.usfca.edu/sites/default/files/users/wongl/Common%20Data%20Sets/CDS_2019-2020.pdf
11871,228787,The University of Texas at Dallas,TX,115,https://oisds.utdallas.edu/common-data-set,https://ospa.utdallas.edu/files/2023/06/CDS_2021-2022-FINAL-REVISION-2.pdf,https://reports.utexas.edu/common-data-set
11040,230764,University of Utah,UT,115,https://data.utah.edu/data-dashboard/common-data-set/,https://www.obia.utah.edu/wp-content/uploads/sites/10/2023/07/CDS_2022-2023-Final.pdf,https://www.obia.utah.edu/wp-content/uploads/sites/10/2022/10/CDS_2021-2022.pdf
57559,181002,Creighton University,NE,124,https://www.creighton.edu/analyticsandinstitutionalresearch/commondatasets,https://www.creighton.edu/sites/default/files/2023-04/CDS_2022-2023_C.pdf,https://www.creighton.edu/sites/default/files/2023-04/CDS_2022-2023_H_1.pdf
96693,129242,Fairfield University,CT,124,https://www.fairfield.edu/files/documents/about/leadership-offices/departments/institutional-research/1045796185_about_leadership_dept_institutional-research_fall-enrollment_cds-2022-2023_01312023.pdf,https://www.fairfield.edu/about/leadership-offices/departments/institutional-research/,https://www.fairfield.edu/files/documents/about/leadership-offices/departments/institutional-research/1303317938_about_leadership_dept_institutional-research_common-data-sheet-2023-24_02142024.pdf
35665,133951,Florida International University,FL,124,https://aim.fiu.edu/cds.htm,https://aim.fiu.edu/CDS/CDS2022.pdf,https://opir.fiu.edu/CDS/CDS2021.pdf
96691,232423,James Madison University,VA,124,https://www.jmu.edu/pair/ir/research/cds/index.shtml,https://www.jmu.edu/pair/ir/research/cds/cds2023/cds-2023c.pdf,https://www.jmu.edu/oir/research/cds/cds2022/cds-2022-2023.pdf
11584,132903,University of Central Florida,FL,124,https://ikm.ucf.edu/wp-content/uploads/2023/07/CommonDataSet-2022-2023.pdf,https://ikm.ucf.edu/wp-content/uploads/2024/01/Common-Data-Set-2023-2024.pdf,https://ikm.ucf.edu/wp-content/uploads/2021/02/Common-Data-Set-2020-2021.pdf
10189,127060,University of Denver,CO,124,https://www.du.edu/ir/reporting/cds,https://www.du.edu/sites/default/files/2023-05/CDS_2022.pdf,https://www.du.edu/sites/default/files/2022-06/cds_2021.pdf
11036,178396,University of Missouri-Columbia,MO,124,https://muanalytics.missouri.edu/mu-data/common-data-set/,https://muanalytics.missouri.edu/campus-data/,https://www.umkc.edu/data/reports/common-data-set.html
11038,207500,University of Oklahoma-Norman Campus,OK,124,https://www.ou.edu/content/dam/irr/docs/Common%20Data%20Sets/Norman%20Campus%20Only/2022-23-nc/CDS_2022-2023%20-%20OUNC.pdf,http://www.ou.edu/irr/other-reports.html,https://www.ou.edu/content/dam/irr/docs/Common%20Data%20Sets/University%20of%20Oklahoma%20-%20NC%20&%20HSC/2021-22-nc-hsc/CDS_2021-2022_NC%20+%20HSC_C_First-Time_Freshman_Admission.pdf
11119,218663,University of South Carolina-Columbia,SC,124,https://sc.edu/about/offices_and_divisions/institutional_research_assessment_and_analytics/institutional_effectiveness/common_data_set/index.php,http://oiraa.dw.sc.edu/cds/cds2021/cds_2021-2022.pdf,http://oiraa.dw.sc.edu/cds/cds2020/
34280,110565,California State University-Fullerton,CA,133,http://www.fullerton.edu/data/institutionalresearch/facts/,https://www.fullerton.edu/data/_resources/pdfs/facts/cds/CDS_2021-2022.xlsx,https://www.fullerton.edu/data/institutionalresearch/
57560,111948,Chapman University,CA,133,https://www.chapman.edu/campus-services/institutional-research/_files/cds/cds_2022-2023.pdf,https://www.chapman.edu/campus-services/institutional-research/reports-publications.aspx,https://www.chapman.edu/campus-services/institutional-research/_files/cds/cds_2021-2022.pdf
57558,198516,Elon University,NC,133,https://www.elon.edu/u/administration/institutional-research/cds/,https://www.collegevine.com/faq/26676/elon-university-common-data-set,https://www.elon.edu/u/administration/institutional-research/
10254,204024,Miami University-Oxford,OH,133,https://miamioh.edu/oir/data/cds/index.html,https://miamioh.edu/oir/_files/documents/cds/cds2021-22-final.xlsx,https://www.miamioh.edu/oir/data/index.html
11838,196060,SUNY at Albany,NY,133,https://www.albany.edu/ir/common-data-set-2022-2023,https://www.albany.edu/ir/data-available/common-data-set-2023-2024,https://www.albany.edu/ir/data-available
11121,202480,University of Dayton,OH,133,https://udayton.edu/provost/ods/common_data_set.php,https://udayton.edu/provost/ods/_resources/documents/common-data-set-2023-24.pdf,https://udayton.edu/provost/ods/_resources/documents/common-data-set-2022-23.pdf
11692,225511,University of Houston,TX,133,https://uh.edu/ir/reports/common-data-sets/,https://www.uhd.edu/documents/provost/ie/institutional-research/cds-2022-2023.pdf,https://www.uh.edu/ir/reports/common-data-sets/cds-data/common-data-set_2021-2022_final.xlsx
11849,163268,University of Maryland-Baltimore County,MD,133,https://irads.umbc.edu/university-data/common-data-set-cds/,https://irpa.umd.edu/InstitutionalData/cds.html,https://irads.umbc.edu/university-data/
8943,231174,University of Vermont,VT,133,https://www.uvm.edu/oir/common-data-set,https://www.uvm.edu/sites/default/files/UVM-Office-of-Institutional-Research-and-Assessment/CDS2223.pdf,https://www.uvm.edu/sites/default/files/UVM-Office-of-Institutional-Research/cds/cds2021.pdf
11341,190044,Clarkson University,NY,142,https://datadigest.clarkson.edu/reports.php,https://www.clarku.edu/offices/strategic-analytics-institutional-research/wp-content/blogs.dir/3/files/sites/78/2021/11/common-data-set-2021-2022.pdf,https://www.clarku.edu/offices/strategic-analytics-institutional-research/wp-content/blogs.dir/3/files/sites/78/2021/03/common-data-set-2020-2021.pdf
10012,165334,Clark University,MA,142,https://www.clarku.edu/offices/strategic-analytics-institutional-research/wp-content/blogs.dir/3/files/sites/78/2022/12/Clark-CDS-2022-2023.pdf,https://www.clarku.edu/offices/strategic-analytics-institutional-research/wp-content/blogs.dir/3/files/sites/78/2021/11/common-data-set-2021-2022.pdf,https://www.clarku.edu/offices/strategic-analytics-institutional-research/wp-content/blogs.dir/3/files/sites/78/2021/03/common-data-set-2020-2021.pdf
8972,146719,Loyola University Chicago,IL,142,https://www.luc.edu/oie/institutionaldata/commondataset/,https://www.luc.edu/media/lucedu/oie/CDS_2021-2022.pdf,https://www.loyola.edu/department/institutional-research/facts/common-data-sets.html
11832,209542,Oregon State University,OR,142,https://institutionalresearch.oregonstate.edu/common-data-set,https://institutionalresearch.oregonstate.edu/sites/institutionalresearch.oregonstate.edu/files/2023-10/cds_2022-2023.pdf,https://institutionalresearch.oregonstate.edu/sites/institutionalresearch.oregonstate.edu/files/cds-2019-20.pdf
57653,216366,Thomas Jefferson University,PA,142,https://www.jefferson.edu/east-falls/institutional-research-and-planning/common-data-set.html,https://www.jefferson.edu/east-falls/institutional-research-and-planning.html,https://www.collegedata.com/college-search/Thomas-Jefferson-University
11880,100663,University of Alabama at Birmingham,AL,142,https://www.uab.edu/institutionaleffectiveness/data-library/common-data-set,https://www.uab.edu/institutionaleffectiveness/images/documents/cds/cds_2022-23.pdf,https://oira.ua.edu/new/reports/?Report%20Type%5B0%5D%5B0%5D=Common%20Data%20Set
11829,201885,University of Cincinnati-Main Campus,OH,142,https://www.uc.edu/content/dam/refresh/provost-62/offices/ir/CDS_2022-2023.pdf,https://www.uc.edu/content/dam/refresh/provost-62/offices/ir/CDS%202021%202022.pdf,https://www.uc.edu/about/provost/colleges-and-offices/offices/institutional-research/facts-dashboards.html
11039,120883,University of the Pacific,CA,142,https://www.pacific.edu/about-pacific/administrative-offices/institutional-research/common-data-set,https://www.pacific.edu/about-pacific/administrative-offices/institutional-research,https://honors.uop.edu/about-pacific/administrationoffices/institutional-research/common-data-set-(cds).html
11856,234030,Virginia Commonwealth University,VA,142,https://irds.vcu.edu/institutional-reporting/common-data-set/,https://irds.vcu.edu/media/decision-support/pdf/commondatasets/CDS_2022-2023Finalrev9-5-23.pdf,https://irds.vcu.edu/media/decision-support/pdf/commondatasets/VirginiaCommonwealthUniversityCDSFinal.pdf
11342,126818,Colorado State University-Fort Collins,CO,151,https://www.ir.colostate.edu/data-reports/common-data-set/,http://irpe-reports.colostate.edu/pdf/cds/CDS_2022-2023_v2.1.pdf,http://irpe-reports.colostate.edu/pdf/cds/CDS_2021-2022_optimized.pdf
11297,144740,DePaul University,IL,151,https://irma.depaul.edu/FFPlus.asp?cont=cds,https://irma.depaul.edu/cds/2022/2022CDS_C.pdf,https://irma.depaul.edu/CallReport.asp?backguy=/cds/2023/2023CDS_C.pdf
11298,212106,Duquesne University,PA,151,https://www.duq.edu/about/departments-and-offices/finance-and-business/planning-budgeting-and-institutional-research/common-data-set.php,https://www.duq.edu/documents/institutionalresearch/cds-2022-2023.pdf,https://www.duq.edu/documents/institutionalresearch/cds-2021-2022.pdf
11041,171128,Michigan Technological University,MI,151,https://www.mtu.edu/institutional-research/cds/,https://www.mtu.edu/institutional-research/cds/files/cds-2022-2023.pdf,
10921,186584,Seton Hall University,NJ,151,https://www.shu.edu/documents/2021-22_Data_Trends.pdf,https://www.shu.edu/institutional-research/reports.html,https://www.collegedata.com/college-search/Seton-Hall-University
57561,167783,Simmons University,MA,151,https://www.simmons.edu/why-simmons/common-data-set,https://datausa.io/profile/university/simmons-university?redirect=true,https://www.usnews.com/best-colleges/simmons-university-2208
10924,155317,University of Kansas,KS,151,https://aire.ku.edu/common-data-set,https://aire.ku.edu/sites/air/files/files/CDS/KUCDS_2021_2022.pdf,https://aire.ku.edu/past-common-data-sets
11850,217484,University of Rhode Island,RI,151,https://web.uri.edu/ir/data/common/,https://web.uri.edu/provost/wp-content/uploads/sites/1779/URI_CDS_2022-2023Final.pdf,https://web.uri.edu/ir/wp-content/uploads/sites/276/CDS19-20.pdf
96712,186876,Stockton University,NJ,159,https://stockton.edu/institutional-research/documents/analyses-reports/Stockton_University_CDS_2022-2023.pdf,https://stockton.edu/institutional-research/analysis.html,https://stockton.edu/institutional-research/fact-sheet.html
11345,157085,University of Kentucky,KY,159,https://www.uky.edu/irads/common-data-set,https://www.uky.edu/irads/sites/www.uky.edu.irads/files/common_data_set/CDS_2022-2023%2004052023%20FINAL.pdf,https://www.uky.edu/irads/sites/www.uky.edu.irads/files/common_data_set/CDS_2021-2022%2007292022.pdf
11878,166513,University of Massachusetts-Lowell,MA,159,https://www.uml.edu/institutional-research/common-data-set.aspx,https://www.uml.edu/docs/UMass-Lowell-CDS-2021-2022-4-27-2022_tcm18-357637.pdf,https://www.umass.edu/uair/data/common-data-set
11037,181464,University of Nebraska-Lincoln,NE,159,https://iea.unl.edu/publication/common-data-set/,https://iea.unl.edu/executive-vice-chancellor/institutional-research-and-planning/sites/unl.edu.executive-vice-chancellor.institutional-research-and-planning/files/media/file/Common-Data-Set-2021-2022.pdf,https://iea.unl.edu/Common-Data-Set-2023-2024.pdf
11834,188429,Adelphi University,NY,163,https://www.adelphi.edu/institutional-research/research/data/,https://www.adelphi.edu/orap/wp-content/uploads/sites/56/2020/07/cds_2008-09.pdf,https://www.collegedata.com/college-search/Adelphi-University
11472,185590,Montclair State University,NJ,163,https://www.montclair.edu/provost/common-data-set/,https://irdata.montclair.edu/institutionalresearch/CDS/CDS%202022-2023.pdf,https://irdata.montclair.edu/institutionalresearch/CDS/CDS%202023-2024.pdf
13212,184782,Rowan University,NJ,163,https://irt.rowan.edu/_docs/asa/cds-2022-2023.pdf,https://irt.rowan.edu/_docs/asa/cds_2021-2022.pdf,https://sites.rowan.edu/academic-affairs/oira/institutional-research.html
57563,236595,Seattle University,WA,163,https://www.seattleu.edu/ir/su-data-and-facts/common-data-set/,https://www.seattleu.edu/ir/su-data-and-facts/common-data-set/,https://www.seattleu.edu/media/institutional-research/files/sudataandfacts/common-data-set/CDS-2021-22.xlsx
11855,195809,St John's University (NY),NY,163,https://www.stjohns.edu/sites/default/files/2019-02/cds_2017-2018.web_.pdf,https://www.stjohns.edu/sites/default/files/2019-02/cds_2015-2016_final_1.pdf,https://www.collegedata.com/college-search/St-Johns-University
11830,176017,University of Mississippi,MS,163,https://irep.olemiss.edu/institutional-research/common-data-set/,https://irep.olemiss.edu/wp-content/uploads/sites/98/2021/01/UM-CDS-2021-22-PDF.pdf,https://irep.olemiss.edu/institutional-research/
10925,174914,University of St Thomas (MN),MN,163,https://www.stthom.edu/Public/getFile.asp?File_Content_ID=127511,https://www.stthom.edu/Public/getFile.asp?File_Content_ID=128476,https://www.stthomas.edu/about/quick-facts/
96713,110510,California State University--San Bernardino,CA,170,https://www.csusb.edu/sites/default/files/CDS_2022-2023_1.pdf,https://www.csusb.edu/sites/default/files/CDS_2020-2021.pdf,https://www.csulb.edu/institutional-research-analytics/common-data-set
37773,133650,Florida A&M University,FL,170,https://www.famu.edu/administration/strategic-planning-analysis-and-institutional-effectiveness/institutional-research/surveys/pdf/cds/CDS_2022-2023.pdf,https://www.famu.edu/administration/strategic-planning-analysis-and-institutional-effectiveness/institutional-research/surveys/Common_Data_Set.php,https://data-apps.ir.aa.ufl.edu/public/cds/CDS_2022-2023_UFMAIN_Post.pdf
11415,155399,Kansas State University,KS,170,https://www.k-state.edu/pa/data/common-data-set/,https://ir.kennesaw.edu/publications/common-data-sets.php,https://aire.ku.edu/common-data-set
11417,140447,Mercer University,GA,170,https://oie.mercer.edu/research/common-data-set.cfm,https://oie.mercer.edu/research/,https://www.collegedata.com/college-search/Mercer-University
57565,130226,Quinnipiac University,CT,170,https://www.qu.edu/49815a/globalassets/global/media/qu/documents/about/common-data-set_2020-2021_quinnipiac.pdf,https://www.qu.edu/499cdb/globalassets/global/media/qu/documents/about/institutional-research/cds_2021-2022_quinnipiac.pdf,https://www.qu.edu/about-quinnipiac/institutional-research/
10792,100751,The University of Alabama,AL,170,https://oira.ua.edu/new/reports/?Report%20Type%5B0%5D%5B0%5D=Common%20Data%20Set,https://oira.ua.edu/new/reports/?Report%20Type[0][0]=Common%20Data%20Set,https://oira.ua.edu/d/sites/all/files/reports23/CDS%202022-23%20FINAL.pdf
11858,141574,University of Hawaii at Manoa,HI,170,https://manoa.hawaii.edu/miro/wp-content/uploads/2023/06/AnalysisBrief_CommonDataSet_2022-2023.docx-1.pdf,https://manoa.hawaii.edu/miro/wp-content/uploads/2022/05/AnalysisBrief_CommonDataSet_2022_05_24.pdf,https://manoa.hawaii.edu/miro/reports/
11877,117140,University of La Verne,CA,170,https://laverne.edu/institutional-research/reports-publications/common-data-set/,https://laverne.edu/institutional-research/reports-publications/,https://laverne.edu/institutional-research/wp-content/uploads/sites/27/2011/10/9th-pdf.pdf
10926,131283,Catholic University of America,DC,178,https://ir.catholic.edu/common-data-set/index.html,https://www.collegedata.com/college-search/Catholic-University-of-America,https://ir.catholic.edu/
57562,153269,Drake University,IA,178,https://www.drake.edu/oira/institutionalresearch/institutionaldata/commondatasetscds/,https://www.drake.edu/oira/institutionalresearch/institutionaldata/commondatasetscds/,
11835,204857,Ohio University-Main Campus,OH,178,https://www.ohio.edu/iea/university-data,https://www.ohio.edu/iea/historical-data/historic-common-data-set-reports,https://oaa.osu.edu/sites/default/files/uploads/irp/cds/columbus/CDS_2020-2021_Columbus.pdf
38004,122597,San Francisco State University,CA,178,https://myusf.usfca.edu/cipe/cds,https://ir.sfsu.edu/applications-and-enrollment,
11420,106397,University of Arkansas,AR,178,https://osai.uark.edu/datasets/cds/index.php,https://osai.uark.edu/datasets/,https://ualr.edu/institutionalresearch/common-data-set/
13210,199139,University of North Carolina at Charlotte,NC,178,https://ir.charlotte.edu/home/common-data-set/,https://oira.unc.edu/reports/reports-archives/common-data-set/,https://ir.charlotte.edu/institutional-research-reports/
11833,236939,Washington State University,WA,178,https://ir.wsu.edu/common-data-set/,https://s3.wp.wsu.edu/uploads/sites/2433/2023/03/CDS_2022-2023.pdf,https://s3.wp.wsu.edu/uploads/sites/2433/2021/07/CDS_2020-2021_FINAL.pdf
96690,143358,Bradley University,IL,185,https://www.bradley.edu/offices/academic/institutionaleffectiveness/assets/documents/cds_2022-2023.pdf,https://www.bradley.edu/offices/academic/institutionaleffectiveness/assets/documents/CDS_2021-2022.pdf,https://www.bradley.edu/offices/academic/institutionaleffectiveness/assets/documents/CDS_2023_2024.pdf
34989,110556,California State University--Fresno,CA,185,https://academics.fresnostate.edu/oie/data/common.html,https://www.csulb.edu/institutional-research-analytics/common-data-set,https://csumb.edu/iar/common-data-set/
11344,191649,Hofstra University,NY,185,https://www.hofstra.edu/institutional-research-strategic-analysis,https://issuu.com/hofstra/docs/cds2022-2023_web_final,https://issuu.com/hofstra/docs/common-data-set-items-2021-22
11416,159391,Louisiana State University and Agricultural & Mechanical College,LA,185,https://www.lsu.edu/data/common-data-set/index.php,https://www.lsu.edu/bgtplan/cds/2022.php,https://www.lsu.edu/data/common-data-set/2020/11_2021_definitions.pdf
11854,178411,Missouri University of Science and Technology,MO,185,https://data.mst.edu/cds/,https://data.mst.edu/,https://www.ucmo.edu/offices/university-analytics-and-institutional-research/common-data-set/index.php
11874,207388,Oklahoma State University-Main Campus,OK,185,https://ira.okstate.edu/cds.html,https://osuit.edu/research/common-data-set.php,https://issuu.com/brandosu/docs/cds_2022_ada_compliant_with_fa
57564,102049,Samford University,AL,185,https://www.samford.edu/departments/institutional-effectiveness/facts-and-stats,https://www.samford.edu/departments/institutional-effectiveness/,https://www.samford.edu/departments/files/Institutional_Effectiveness/2021-2022/Section-C-First-Time-First-Year-freshmen-Admission.pdf
11837,195720,Saint John Fisher College,NY,185,https://www.sjf.edu/media/services/institutional-research/documents/CommonDataSet.pdf,https://www.sjf.edu/services/institutional-research/,https://www.stjohns.edu/sites/default/files/2019-02/cds_2016-2017.web_.pdf
57728,169716,University of Detroit Mercy,MI,185,https://www.udmercy.edu/academics/academic-affairs/research/files/cds/2223_UDM_CDS.pdf,https://www.udmercy.edu/academics/academic-affairs/research/files/cds/2122_Detroit_Mercy_CDS_Final.pdf,https://www.udmercy.edu/academics/academic-affairs/research/data.php
11478,142285,University of Idaho,ID,185,https://www.uidaho.edu/provost/ir/institutional-data/common-data-set,https://www.uidaho.edu/-/media/uidaho-responsive/files/provost/ir/common-data-set/cds-2022-23.pdf?la=en&rev=6af12dbd11584c3c9c226fcdacde7a3b,https://www.uidaho.edu/-/media/uidaho-responsive/files/provost/ir/common-data-set/cds_2020-2021.pdf?la=en&rev=6fac6432420c4e409896fbd8c8a70103
35653,198464,East Carolina University,NC,195,https://ipar.ecu.edu/wp-content/pv-uploads/sites/130/2019/10/CDS_2022-2023-2_final.pdf,https://ipar.ecu.edu/rsrch-public-ecu-data/,https://ipar.ecu.edu/wp-content/pv-uploads/sites/130/2019/10/CDS_2021-2022_Final.pdf
59087,195128,Russell Sage College,NY,195,https://www.sage.edu/about/community-resources/consumer-information/,https://www.usnews.com/best-colleges/the-sage-colleges-2810,https://www.collegedata.com/college-search/Russell-Sage-College
61028,196592,Touro College,NY,195,https://www.touro.edu/media/touro-college/content-assets/images/provost/documents/CDS_2014-2015.xls,https://www.touro.edu/departments/office-of-the-provost/institutional-research/,https://www.touro.edu/departments/institutional-effectiveness/resources/
11479,157289,University of Louisville,KY,195,https://louisville.edu/oapa/institutional-research-and-planning/quick-facts/just-the-facts-publication,https://louisville.edu/oapa/institutional-research-and-planning/quick-facts/CDS_20222023_FINAL.pdf,https://louisville.edu/oapa/institutional-research-and-planning/quick-facts/CDS_20202021UPDATED.pdf
34640,182290,University of Nevada-Reno,NV,195,https://www.unr.edu/campus-business/decision-support/surveys-and-benchmarking,https://www.unr.edu/campus-business/decision-support/reporting-portal,https://www.collegedata.com/college-search/University-of-Nevada-Reno
9194,207971,University of Tulsa,OK,195,https://utulsa.edu/about/why-tu/assessment-initiatives/student-achievement-data/,https://utulsa.edu/about/offices/institutional-research-data-analytics/,https://www.collegedata.com/college-search/University-of-Tulsa
11694,151111,Indiana University-Purdue University-Indianapolis,IN,201,https://irds.indianapolis.iu.edu/reports-presentations/common-data-set.html,https://www.purdue.edu/idata/documents/CDS/CDS_2022-2023.pdf,https://iuia.iu.edu/apps/cds/
96714,213367,La Salle University,PA,201,https://www.lasalle.edu/student-consumer-information/general-institutional-information/,https://www.collegedata.com/college-search/La-Salle-University,https://www.lasalle.edu/admissions-and-aid/
11343,193654,The New School,NY,201,https://www.newschool.edu/enrollment-data/,https://www.newschool.edu/about/university-resources/right-to-know/,https://datausa.io/profile/university/the-new-school
11688,215655,Robert Morris University,PA,201,https://www.collegedata.com/college-search/Robert-Morris-University-Moon-Township-PA,https://nces.ed.gov/ipeds/dfr/2021/ReportPDF.aspx?unitId=215655,https://www.rmu.edu/academics/big-data
57729,199218,University of North Carolina--Wilmington,NC,201,https://uncw.edu/about/university-administration/academic-affairs/division/areas/irp/data-analytics/common-data-sets.html,https://oira.unc.edu/reports/reports-archives/common-data-set/,https://uncw.edu/about/university-administration/academic-affairs/division/areas/irp/data-analytics/dashboards-reports/
57652,152600,Valparaiso University,IN,201,https://www.valpo.edu/institutional-effectiveness/institutional-research/common-data-set/,https://www.valpo.edu/institutional-effectiveness/files/2021/03/CDS_2020-2021.web_.rev031921.pdf,https://www.valpo.edu/institutional-effectiveness/files/2023/04/CDS_2022-2023_post_040423.pdf
34274,172644,Wayne State University,MI,201,https://irda.wayne.edu/institutional-research/cds,https://irda.wayne.edu/common-data-set/cds_2022-2023.pdf,https://irda.wayne.edu/common-data-set/cds_2020-21.pdf
96689,206622,Xavier University,OH,201,https://www.xavier.edu/institutional-research/reports-and-documents/commondataset,https://www.xavier.edu/institutional-research/reports-and-documents/xavier-cds-2022-23-10-mar-2023-final.pdf,https://www.xavier.edu/institutional-research/reports-and-documents/cds_2021-2022_final.pdf
57730,211556,Chatham University,PA,209,https://www.chatham.edu/about-us/institutional-research/common-data-set.html,https://www.chatham.edu/_documents/_about/cds2021-2022.pdf,https://www.chatham.edu/_documents/_about/cds-2020-2021.pdf
38003,133669,Florida Atlantic University,FL,209,https://www.fau.edu/iea/data/cds/,https://www.fau.edu/iea/documents/pdf/cds/cds-2022-2023.pdf,https://www.fau.edu/iea/documents/pdf/cds/cds-2023-2024.pdf
11872,145813,Illinois State University,IL,209,https://prpa.illinoisstate.edu/data-center/,https://prpa.illinoisstate.edu/downloads/CDS_2022-2023-rev.pdf,https://prpa.illinoisstate.edu/data-center/reports/
62162,209612,Pacific University,OR,209,https://www.pacificu.edu/about/pacific-directory/offices-departments/provost-academic-affairs/institutional-research-assessment/data-center,https://www.pacific.edu/about-pacific/administrative-offices/institutional-research/common-data-set,https://spu.edu/administration/office-of-institutional-effectiveness/common-data-sets
58325,130253,Sacred Heart University,CT,209,https://www.sacredheart.edu/about-shu/consumer-information/,https://www.collegedata.com/college-search/Sacred-Heart-University,https://www.sacredheart.edu/about-shu/shu-facts/
35658,167987,University of Massachusetts-Dartmouth,MA,209,https://www.umassd.edu/oir/institutional-research/common-data-set/,https://www.umassd.edu/media/umassdartmouth/institutional-research/CDS_2020-2021.pdf,https://www.dartmouth.edu/oir/data-reporting/cds/index.html
96731,216764,West Chester University of Pennsylvania,PA,209,https://www.wcupa.edu/deputy-provost/institutionalResearch/dataSet.aspx,https://www.wcupa.edu/deputy-provost/institutionalResearch/documents/CDS_2022-2023_Final%20for%20web.pdf,https://www.wcupa.edu/deputy-provost/institutionalResearch/documents/CDS%202020-2021%205_4_2021.pdf
11475,150136,Ball State University,IN,216,https://www.bsu.edu/-/media/www/departmentalcontent/oirds/files/common-data-set/cds-2022-2023.pdf?sc_lang=en&hash=3B08D0A87DA2E7C79D6637E8B28E46B34AA38ABF,https://www.bsu.edu/about/administrativeoffices/oirds/data-analysis,https://www.bsu.edu/-/media/www/departmentalcontent/oirds/files/common-data-set/2020-2021-common-data-set-(3).pdf?sc_lang=en&hash=4D50F4452483AFC4A89F40E12F837B7FEE66390B
59094,174899,College of St. Scholastica,MN,216,https://www.css.edu/about/institutional-effectiveness/outcomes/,https://www.css.edu/about/institutional-effectiveness/,https://libguides.css.edu/Education/datasets
11473,176080,Mississippi State University,MS,216,https://www.ir.msstate.edu/cdsets.php,https://www.ir.msstate.edu/CDS/cds2022_2023.pdf,https://ir.msstate.edu/CDS/cds2023_2024.pdf
96715,167899,Springfield College,MA,216,https://springfield.edu/sites/default/files/springfield_college.cds_.2022-23-1.pdf,https://springfield.edu/sites/default/files/inline-files/Springfield%20College%202020-21%20CDS.pdf,https://springfield.edu/sites/default/files/2023-24-common-data-set-springfield-college.pdf
59085,175005,St. Catherine University,MN,216,https://www.stkate.edu/about/consumer-information,https://www.collegedata.com/college-search/St-Catherine-University,https://datausa.io/profile/university/st-catherine-university
11471,229115,Texas Tech University,TX,216,https://www.depts.ttu.edu/irim/CommonDataSets/index.php,https://www.depts.ttu.edu/irim/,https://www.ir.txst.edu/reports/cds.html
35650,166638,University of Massachusetts-Boston,MA,216,https://www.umb.edu/oirap/facts/common-data-set/,https://www.umb.edu/media/umassboston/editor-uploads/institutional-research-assessment-planning/CDS_2022-2023_UMass_Boston.pdf,https://www.umass.edu/uair/data/common-data-set
34642,199148,University of North Carolina at Greensboro,NC,216,https://ire.uncg.edu/external_reports/cds/,https://ire.uncg.edu/external_reports/cds/docs/cds2022-UNCG.pdf,https://oira.unc.edu/reports/reports-archives/common-data-set/
96729,227863,University of St. Thomas (TX),TX,216,https://www.stthom.edu/Public/getFile.asp?File_Content_ID=127511,https://www.stthom.edu/Public/getFile.asp?File_Content_ID=128476,https://www.stthomas.edu/about/quick-facts/
11480,240727,University of Wyoming,WY,216,https://www.uwyo.edu/oia/cds.html,https://www.uwyo.edu/oia/_files/cds/cds2122_finalb.pdf,https://www.uwyo.edu/oia/_files/cds/cds201920c.pdf
11589,238032,West Virginia University,WV,216,https://institutionalresearch.wvu.edu/institutional-research/reports-resources-and-forms,https://institutionalresearch.wvu.edu/files/d/8db28ade-d8b9-47d9-b18f-307311bec5b2/2017-18-wvu-cds.pdf,https://www.collegedata.com/college-search/West-Virginia-University
35667,139940,Georgia State University,GA,227,https://oie.gsu.edu/data-reporting-systems/common-data-set/,https://www.georgiasouthern.edu/em/ir/common-data-set/,https://oie.gsu.edu/our-services/oir/reports-analytics/
11591,203517,Kent State University at Kent,OH,227,https://www.kent.edu/ir/common-dataset-cds,https://rpie-apps.kent.edu/StatsLanding/statsLanding.aspx,https://www.kent.edu/node/975247
57982,214069,Misericordia University,PA,227,https://www.misericordia.edu/campus-community/other-offices/office-of-institutional-research/institutional-research/common-data-set,https://www.collegedata.com/college-search/Misericordia-University,https://www.misericordia.edu/campus-community/other-offices/office-of-institutional-research
13213,136215,Nova Southeastern University,FL,227,https://www.nova.edu/publications/factbook/,https://www.collegedata.com/college-search/Nova-Southeastern-University,https://www.nsula.edu/oir/factbook/
38832,100706,University of Alabama--Huntsville,AL,227,https://www.uah.edu/academic-affairs/offices/oirea/common-data-sets,https://www.uah.edu/images/administrative/provost/oir/CDS/cds_2022-2023.pdf,https://oira.ua.edu/new/reports/?Report%20Type%5B0%5D%5B0%5D=Common%20Data%20Set
38191,227368,University of Texas-Rio Grande Valley,TX,227,https://www.utrgv.edu/sair/data-reports/cds_2020-2021.pdf,https://www.utrgv.edu/sair/data-reports/index.htm,https://nces.ed.gov/ipeds/dfr/2022/ReportPDF.aspx?unitId=227368
96735,200004,Western Carolina University,NC,227,https://www.wcu.edu/learn/office-of-the-provost/oipe/institutional-research/common-data-sets.aspx,https://www.wcu.edu/_files/learn/provost/CDS_2021-2022.pdf,https://www.wcu.edu/learn/office-of-the-provost/oipe/institutional-research/
11590,216852,Widener University,PA,227,https://www.widener.edu/sites/default/files/2023-02/WidenerU_CDS_22-23.pdf,https://www.widener.edu/sites/default/files/2021-03/Widener_Common-Data-Set_20-21.pdf,https://www.widener.edu/consumer-information
58329,170082,Grand Valley State University,MI,235,https://www.gvsu.edu/ia/common-data-set-71.htm,https://www.gvsu.edu/cms4/asset/DD2DE79E-BC8A-0755-18696BC35286807F/cds_2020-2021.xlsx,https://www.collegedata.com/college-search/Grand-Valley-State-University
11587,109785,Azusa Pacific University,CA,236,https://www.apu.edu/oir/commondata/,https://www.apu.edu/files/common_data_set_17-18.pdf,https://www.apu.edu/files/common_data_set_20-21.pdf
57655,219709,Belmont University,TN,236,https://www.belmont.edu/irsa/facts-figures/common-data-set.html,https://www.belmont.edu/irsa/_files/data-sets/cds-2022-2023.pdf,https://www.belmont.edu/irsa/_files/data-sets/cds-2021-2022.pdf
57733,173160,Bethel University,MN,236,https://www.bethel.edu/institutional-data-research/institutional-data/common-data-set/,https://www.bethel.edu/institutional-data-research/institutional-data/common-data-set/,
11852,110097,Biola University,CA,236,https://www.biola.edu/university-analytics/reports,https://www.biola.edu/university-analytics/about,https://www.biola.edu/university-analytics
57656,131450,Gallaudet University,DC,236,https://gallaudet.edu/academic-affairs/institutional-research/reports-and-surveys/common-data-set-cds-reports/,https://gallaudet.edu/wp-content/uploads/2023/02/Gallaudet-University_CDS_2020-2021.pdf,https://gallaudet.edu/wp-content/uploads/2023/05/CDS_2022-2023_final_xlsx.pdf
11474,219976,Lipscomb University,TN,236,https://www.lipscomb.edu/sites/default/files/2023-09/CDS_2022-2023%20Lipscomb.pdf,https://www.lipscomb.edu/sites/default/files/2021-06/CDS_2020-2021%20Lipscomb.pdf,https://www.lipscomb.edu/academics/academic-support/institutional-effectiveness/office-institutional-research
11697,126562,University of Colorado Denver,CO,236,https://www1.ucdenver.edu/docs/librariesprovider192/default-document-library/rptcds2022.pdf?sfvrsn=da2198ba_2,https://www.ucdenver.edu/docs/librariesprovider192/default-document-library/rptcds2021.pdf?sfvrsn=7620baba_2,https://www.ucdenver.edu/docs/librariesprovider192/default-document-library/cds2022-2023.pdf
11585,187985,University of New Mexico-Main Campus,NM,236,https://oia.unm.edu/facts-and-figures/common-data-set.html,https://oia.unm.edu/facts-and-figures/documents/Common%20Data%20Set/cds-2022-23.pdf,https://oia.unm.edu/facts-and-figures/cds-2021-22.pdf
13209,200280,University of North Dakota,ND,236,https://und.edu/analytics-and-planning/data-and-reports/common-data-set.html,https://und.edu/analytics-and-planning/_files/docs/common-data-set/cds-2022-2023,https://und.edu/analytics-and-planning/_files/docs/common-data-set/cds-2021-2022.pdf
59963,136172,University of North Florida,FL,236,https://www.unf.edu/ir/common-data-set/2021.html,https://www.unf.edu/ir/external-surveys.html,https://data-apps.ir.aa.ufl.edu/public/cds/CDS_2022-2023_UFMAIN_Post.pdf
37534,228769,University of Texas-Arlington,TX,236,https://www.uta.edu/administration/analytics/reports,https://www.uta.edu/analytics/,https://reports.utexas.edu/common-data-set
57986,168254,Western New England University,MA,236,https://wne.edu/institutional-research/common-data-set.cfm,https://wne.edu/institutional-research/doc/CDS_2021-2022.pdf,https://wne.edu/institutional-research/data-and-reports.cfm
59198,135081,Keiser University,FL,249,https://www.keiseruniversity.edu/pdf/ku-factbook.pdf,https://www.collegedata.com/college-search/Keiser-University,https://www.keiseruniversity.edu/wp-content/uploads/catalogs/KU-Undergraduate-Catalog.pdf
11853,178059,Maryville University of Saint Louis,MO,249,https://www.maryville.edu/administrative-offices/wp-content/uploads/sites/28/2023/04/Maryville_CDS_2022-2023.pdf,https://www.maryville.edu/administrative-offices/wp-content/uploads/sites/28/2021/04/Common-Data-Set-2020-2021.pdf,https://www.maryville.edu/administrative-offices/wp-content/uploads/sites/28/2023/04/Maryville_CDS_2021-2022.pdf
11592,200332,North Dakota State University-Main Campus,ND,249,https://www.ndsu.edu/oira/institutional_reports/common_data_set/,https://und.edu/analytics-and-planning/data-and-reports/common-data-set.html,https://www.ndsu.edu/fileadmin/oira/Common_Data_Set/NDSU_CDS_2022-2023.xlsx
38232,105330,Northern Arizona University,AZ,249,https://in.nau.edu/institutional-research/common-data-set/,https://in.nau.edu/wp-content/uploads/sites/129/2023/02/CDS_2022-2023.pdf,https://in.nau.edu/wp-content/uploads/sites/129/2021/02/CDS_2020-2021-20210224.pdf
11593,194310,Pace University-New York,NY,249,https://www.pace.edu/sites/default/files/2023-04/university-wide-common-data-set-2022-2023.pdf,https://www.pace.edu/sites/default/files/2022-04/university-wide-common-data-set-2021-2022_0.pdf,https://www.pace.edu/sites/default/files/2024-04/university-wide-common-data-set-2023-2024.pdf
38005,227881,Sam Houston State University,TX,249,https://www.shsu.edu/dept/institutional-research/documents/cds/CDS_2022-2023%20-%20FINAL_RF.pdf,https://www.shsu.edu/dept/data/publications.html,https://www.shsu.edu/dept/institutional-research/documents/CDS_2019-2020_FINAL.pdf
11689,168005,Suffolk University,MA,249,https://www.suffolk.edu/about/directory/institutional-research-assessment,https://www.collegedata.com/college-search/Suffolk-University,https://www.suffolk.edu/about/suffolk-at-a-glance
37980,221847,Tennessee Technological University,TN,249,https://www.tntech.edu/iare/institutional_research/common_data_set.php,https://www.tntech.edu/iare/institutional_research/specialized_reports.php,https://www.depts.ttu.edu/irim/CommonDataSets/index.php
11857,221971,Union University,TN,249,https://www.union.edu/institutional-research/common-data-set-cds,https://www.union.edu/sites/default/files/institutional-research/202312/common-data-set-2022-2023-website-v2.pdf,https://www.collegedata.com/college-search/Union-University
11588,161253,University of Maine,ME,249,https://umaine.edu/oira/common-data-set/,https://digitalcommons.library.umaine.edu/univ_publications/2095/,https://digitalcommons.library.umaine.edu/cgi/viewcontent.cgi?article=3095&context=univ_publications
96730,240329,University of Wisconsin--La Crosse,WI,249,https://www.uwlax.edu/institutional-research/data-resources/common-data-set/,https://www.uwlax.edu/globalassets/offices-services/institutional-research/ir-resources/cds_2022-2023.pdf,https://data.wisc.edu/common-data-set-and-rankings/
34986,169248,Central Michigan University,MI,260,https://www.cmich.edu/offices-departments/academic-planning-and-analysis/reports/common-data-sets,https://www.cmich.edu/docs/default-source/academic-affairs-division/academic-administration/academic-planning-analysis/reports-(public)/common-data-sets/2022_2023_common_data_set-20230329.pdf?sfvrsn=a044366_7,https://www.cmich.edu/docs/default-source/academic-affairs-division/academic-administration/academic-planning-analysis/reports-(public)/common-data-sets/cds_2021-20224d5a13ce-bc63-4149-afb6-4b5c4085b037.pdf?sfvrsn=23e69e86_9
58327,212601,Gannon University,PA,260,https://www.collegedata.com/college-search/Gannon-University,https://www.gannon.edu/media/gannon-university/content-assets/documents/registrar/GannonUniversity-UndergraduateCatalog.pdf,https://datausa.io/profile/university/gannon-university
96823,212832,Gwynedd Mercy University,PA,260,https://www.gmercyu.edu/about-gmercyu/gmercyu-administration/institutional-research,https://www.gmercyu.edu/about-gmercyu/fast-facts/consumer-information,https://datausa.io/profile/university/gwynedd-mercy-university
57732,159656,Loyola University New Orleans,LA,260,https://academicaffairs.loyno.edu/research/assessment/common-data-sets,https://academicaffairs.loyno.edu/research/data-resources,https://academicaffairs.loyno.edu/research/university-fact-book
57984,127918,Regis University,CO,260,https://www.regis.edu/_documents/about/cds-data-2022.pdf,https://www.regis.edu/_documents/about/cds-data-2021.pdf,https://www.regis.edu/about/university-facts-figures/data-reporting
37772,178420,University of Missouri--St. Louis,MO,260,https://www.umsl.edu/~ir/Common%20Data%20Set/index.html,https://www.umsl.edu/~ir/Common%20Data%20Set/cds_2022-2023.pdf,https://muanalytics.missouri.edu/mu-data/common-data-set/
59091,161457,University of New England,ME,260,https://www.une.edu/ir/reports,https://www.collegedata.com/college-search/University-of-New-England,https://wne.edu/institutional-research/common-data-set.cfm
38950,227216,University of North Texas,TX,260,https://institutionalresearch.unt.edu/common-data-set.html,https://data.unt.edu/sites/default/files/cds_2022-2023_unt.pdf,https://institutionalresearch.unt.edu/sites/default/files/cds_2020-2021_unt.pdf
96767,199999,Winston-Salem State University,NC,260,https://www.wssu.edu/about/assessment-and-research/student-data.html,https://www.wssu.edu/about/assessment-and-research/enrollment-and-degree-data.html,https://www.collegedata.com/college-search/Winston-Salem-State-University
11477,133881,Florida Institute of Technology,FL,269,https://www.fit.edu/institutional-research--strategic-analytics-proof/common-data-set/,https://www.fit.edu/institutional-research/institutional-research/institutional-data-reports/,https://www.fit.edu/media/site-specific/wwwfitedu/oir/documents/CDS_2019-2020.pdf
59092,208822,George Fox University,OR,269,https://www.georgefox.edu/offices/academic_affairs/effectiveness/common-data-set/index.html,https://www.georgefox.edu/offices/academic_affairs/effectiveness/index.html,https://www.georgefox.edu/offices/academic_affairs/effectiveness/assessment/index.html
59096,220631,Lincoln Memorial University,TN,269,https://www.lmunet.edu/institutional-effectiveness/institutional-research,https://datausa.io/profile/university/lincoln-memorial-university,https://academics.lmu.edu/officeofinstitutionalresearch/officialstatisticsandotherreporting/commondatasetcds/
38231,147703,Northern Illinois University,IL,269,https://www.neiu.edu/about/office-of-institutional-research-and-assessment/data-digest/common-data-set,https://www.niu.edu/effectiveness/_files/niu-data-book-2018-2019.pdf,https://www.niu.edu/effectiveness/tableau/index.shtml
11879,236577,Seattle Pacific University,WA,269,https://spu.edu/administration/office-of-institutional-effectiveness/common-data-sets,https://spu.edu/-/media/administration/office-of-institutional-effectiveness/docs/CDS-2022-2023-sharable-update-3.ashx,https://spu.edu/-/media/administration/office-of-institutional-effectiveness/docs/CDS_2021-2022-sharable-updated.ashx
38729,220862,University of Memphis,TN,269,https://www.memphis.edu/oir/oirweb/WebReports/ProfilesAndFactbooks/CDS2021_2022.pdf,https://www.memphis.edu/oir/oirweb/WebReports/ProfilesAndFactbooks/CDS2023_2024.pdf,https://memphis.edu/oir/external_reporting/
38728,178402,University of Missouri--Kansas City,MO,269,https://www.umkc.edu/data/reports/common-data-set.html,https://www.umkc.edu/data/docs/cds_2022_2023.pdf,https://muanalytics.missouri.edu/mu-data/common-data-set/
38731,182281,University of Nevada--Las Vegas,NV,269,https://www.it.unlv.edu/sites/default/files/assets/ir/UNLV_common_dataset_2021-2022.pdf,https://it.unlv.edu/sites/default/files/assets/ir/UNLV_common_dataset_2020-2021.pdf,https://www.unr.edu/campus-business/decision-support/surveys-and-benchmarking
37771,219471,University of South Dakota,SD,269,https://www.usd.edu/-/media/Project/USD/DotEdu/About/Departments-Offices-and-Resources/Institutional-Research-Planning-and-Assessment/USD-Common-Data-Set.pdf?rev=a6a118a08ca04d0b978a31e275cd98de&hash=087D15CFC12FB9B5FF6A5636E6A5F802,https://www.usd.edu/About/Departments-Offices-and-Resources/Institutional-Research-Planning-and-Assessment/Surveys-and-Reports,https://www.sdstate.edu/office-institutional-research-assessment/common-data-set
34276,230728,Utah State University,UT,269,https://www.usu.edu/aaa/nw/PDF/CommonDataSets/CDS2021-22.pdf,https://www.usu.edu/aaa/common_data_pdf.cfm,https://www.usu.edu/aaa/nw/NavLinkPages/CommonDAtaSets.php
57734,216931,Wilkes University,PA,269,https://www.wilkes.edu/about-wilkes/offices-and-administration/institutional-research/common-data-set.aspx,https://www.wilkes.edu/about-wilkes/offices-and-administration/institutional-research/_assets/Fact%20Book%202022-23.pdf,https://www.wilkes.edu/about-wilkes/offices-and-administration/institutional-research/fact-book.aspx
57731,156286,Bellarmine University,KY,280,https://www.bellarmine.edu/academicaffairs/ir/data-reports/common-data-set/,https://www.bellarmine.edu/docs/default-source/institutional-research-effectiveness-docs/cds_2022-2023-for-publication.pdf?sfvrsn=42364480_4,https://www.bellarmine.edu/academicaffairs/ir/data/
11691,201441,Bowling Green State University-Main Campus,OH,280,https://www.bgsu.edu/institutional-research/CDS.html,https://www.bgsu.edu/institutional-research.html,https://www.bgsu.edu/institutional-research/about-ir.html
58326,153126,Clarke University,IA,280,https://clarke.edu/faculty-and-staff/institutional-research-assessment/,https://www.clarku.edu/offices/strategic-analytics-institutional-research/wp-content/blogs.dir/3/files/sites/78/2022/12/Clark-CDS-2022-2023.pdf,https://www.clarku.edu/offices/strategic-analytics-institutional-research/wp-content/blogs.dir/3/files/sites/78/2021/11/common-data-set-2021-2022.pdf
96736,210739,DeSales University,PA,280,https://www.desales.edu/docs/default-source/consumer-information/common-data-set-2022-2023.pdf?sfvrsn=7e60a623_2,https://www.desales.edu/docs/default-source/consumer-information/common-data-set-2021-2022.pdf?sfvrsn=b650dcd5_2,https://www.desales.edu/about/offices-departments/office-of-institutional-research
58328,232265,Hampton University,VA,280,https://home.hamptonu.edu/about/facts-figures/,https://www.collegedata.com/college-search/Hampton-University,https://nces.ed.gov/ipeds/dfr/2021/ReportPDF.aspx?unitId=232265
11873,213011,Immaculata University,PA,280,https://www.immaculata.edu/wp-content/uploads/2023/08/2021-2022-Common-Data-Set-Immaculata-University.pdf,https://www.immaculata.edu/about/institutional-research-effectiveness/,https://www.immaculata.edu/wp-content/uploads/2023/08/Common-Data-Set-2022-2023-Immaculata-University.pdf
96728,151786,Marian University (IN),IN,280,https://www.marian.edu/consumer-information,https://datausa.io/profile/university/marian-university,
38230,199102,North Carolina A&T State University,NC,280,https://www.ncat.edu/provost/ospie/_files/cds_2022-2023-_-ma.pdf,https://www.ncat.edu/provost/ospie/analytics/common-data-sets.php,https://report.isa.ncsu.edu/ir/cds/pdfs/CDS_2022-23.v2.pdf
59090,207458,Oklahoma City University,OK,280,https://www.collegedata.com/college-search/Oklahoma-City-University,https://www.okcu.edu/about/quick-facts,https://datausa.io/profile/university/oklahoma-city-university
34984,232982,Old Dominion University,VA,280,https://www.odu.edu/ir/news,https://ww1.odu.edu/content/dam/odu/offices/institutional-research/docs/cdsrds-2122-final.pdf,
37233,209807,Portland State University,OR,280,https://www.pdx.edu/research-planning/common-data-set-archive,https://www.pdx.edu/research-planning/sites/researchplanning.web.wdt.pdx.edu/files/2020-08/CDS_2019-2020.pdf,https://www.up.edu/ir/institutional-data/common-data-set-archives.html
37554,149222,Southern Illinois University-Carbondale,IL,280,https://irs.siu.edu/common-data-set/,https://irs.siu.edu/_common/documents/cds_2020-2021.pdf,https://irs.siu.edu/interactive-factbook/other-resources/
38587,228459,Texas State University,TX,280,https://www.ir.txst.edu/reports/cds.html,https://docs.gato.txst.edu/170260/Common%20Data%20Set%202022-2023.pdf,https://www.tsus.edu/offices/academic-affairs/tr-system-data-and-analysis/inst-reports-publications.html
57985,148584,University of St. Francis,IL,280,https://www.stfrancis.edu/about-us/saint-stats/,https://www.francis.edu/about-us/campus-offices/institutional-research,https://www.sf.edu/about/accreditation/consumer-information/
38192,229027,University of Texas-San Antonio,TX,280,https://www.utsa.edu/ir/content/resources/commonDataSet.html,https://www.utsa.edu/ir/docs/resources/commonDataSet/CDS_2021-2022.xlsx,https://reports.utexas.edu/common-data-set
38591,206084,University of Toledo,OH,280,https://www.utoledo.edu/offices/institutional-research/report-library/common-data-set/docs/cds-2022-2023.pdf,https://www.utoledo.edu/offices/institutional-research/report-library/common-data-set/docs/CDS_2021-2022.pdf,https://www.utoledo.edu/offices/institutional-research/home/university-facts.html
96818,110574,California State University--East Bay,CA,280,https://csumb.edu/iar/common-data-set/,https://library.csueastbay.edu/data/datasets,https://www.csueastbay.edu/ir/
96771,210775,Alvernia University,PA,296,https://www.alvernia.edu/about/university-information/institutional-data,https://www.collegedata.com/college-search/Alvernia-University,https://commondataset.org/
13211,188030,New Mexico State University-Main Campus,NM,296,https://oia.nmsu.edu/nmsudata/natrept1/cds.html,https://oia.nmsu.edu/nmsudata/natrept1/reports/CDS_2018-2019-Final-Redacted_pdf.pdf,https://oia.unm.edu/facts-and-figures/common-data-set.html
96770,174817,Saint Mary's University of Minnesota,MN,296,https://smumn.edu/wp-content/uploads/2022/09/CDS_2019-2020.pdf,https://idr.umn.edu/sites/idr.umn.edu/files/cds_2022_2023_tc.pdf,https://smumn.edu/wp-content/uploads/2022/09/CDS_2017-2018.pdf
37556,219356,South Dakota State University,SD,296,https://www.sdstate.edu/office-institutional-research-assessment/common-data-set,https://www.sdstate.edu/sites/default/files/file-archive/2022-12/South%20Dakota%20State%20University%20-%20Common%20Data%20Set%20%282021-2022%29.pdf,https://www.sdstate.edu/office-institutional-research-assessment/institutional-research-resources
96873,199759,Southeastern Baptist Theological Seminary,NC,296,https://www.sebts.edu/,https://www.sebts.edu/about/transparency-report/,https://datausa.io/profile/university/southeastern-baptist-theological-seminary
59961,225627,University of the Incarnate Word,TX,296,https://my.uiw.edu/ir/interactive-fact-books/common-data-sets.html,https://my.uiw.edu/ir/_docs/cds2021-2022.pdf,https://my.uiw.edu/ir/_docs/cds_2020-2021.pdf
11476,238661,Edgewood College,WI,296,https://www.edgewood.edu/about/fast-facts,https://www.collegedata.com/college-search/Edgewood-College,https://nces.ed.gov/ipeds/dfr/2021/ReportPDF.aspx?unitId=238661
